<metadata xml:lang="de"><Esri><CreaDate>20161123</CreaDate><CreaTime>16043300</CreaTime><ArcGISFormat>1.0</ArcGISFormat><SyncOnce>FALSE</SyncOnce><DataProperties><itemProps><itemName Sync="TRUE">WALD_WILDSCHUTZZIDX_PL_MGIAustriaGKWest_N</itemName><imsContentType Sync="TRUE">002</imsContentType><itemLocation><linkage Sync="TRUE">file://\\tirisfile.share.tirol.local\TirisFile\pro\wald\pf\2016\pf04_INSPIRE_OGD_Downloads\OGD\NEUE_FILES\WALD_WILDSCHUTZZIDX_PL_MGIAustriaGKWest_N.shp</linkage><protocol Sync="TRUE">Local Area Network</protocol></itemLocation><itemSize Sync="TRUE">0.000</itemSize></itemProps><coordRef><type Sync="TRUE">Projected</type><geogcsn Sync="TRUE">GCS_MGI</geogcsn><csUnits Sync="TRUE">Linear Unit: Meter (1.000000)</csUnits><projcsn Sync="TRUE">MGI_Austria_GK_West</projcsn><peXml Sync="TRUE">&lt;ProjectedCoordinateSystem xsi:type='typens:ProjectedCoordinateSystem' xmlns:xsi='http://www.w3.org/2001/XMLSchema-instance' xmlns:xs='http://www.w3.org/2001/XMLSchema' xmlns:typens='http://www.esri.com/schemas/ArcGIS/10.6'&gt;&lt;WKT&gt;PROJCS[&amp;quot;MGI_Austria_GK_West&amp;quot;,GEOGCS[&amp;quot;GCS_MGI&amp;quot;,DATUM[&amp;quot;D_MGI&amp;quot;,SPHEROID[&amp;quot;Bessel_1841&amp;quot;,6377397.155,299.1528128]],PRIMEM[&amp;quot;Greenwich&amp;quot;,0.0],UNIT[&amp;quot;Degree&amp;quot;,0.0174532925199433]],PROJECTION[&amp;quot;Transverse_Mercator&amp;quot;],PARAMETER[&amp;quot;False_Easting&amp;quot;,0.0],PARAMETER[&amp;quot;False_Northing&amp;quot;,-5000000.0],PARAMETER[&amp;quot;Central_Meridian&amp;quot;,10.33333333333333],PARAMETER[&amp;quot;Scale_Factor&amp;quot;,1.0],PARAMETER[&amp;quot;Latitude_Of_Origin&amp;quot;,0.0],UNIT[&amp;quot;Meter&amp;quot;,1.0],AUTHORITY[&amp;quot;EPSG&amp;quot;,31254]]&lt;/WKT&gt;&lt;XOrigin&gt;-5622500&lt;/XOrigin&gt;&lt;YOrigin&gt;-15001000&lt;/YOrigin&gt;&lt;XYScale&gt;450314931.24392509&lt;/XYScale&gt;&lt;ZOrigin&gt;-100000&lt;/ZOrigin&gt;&lt;ZScale&gt;10000&lt;/ZScale&gt;&lt;MOrigin&gt;-100000&lt;/MOrigin&gt;&lt;MScale&gt;10000&lt;/MScale&gt;&lt;XYTolerance&gt;0.001&lt;/XYTolerance&gt;&lt;ZTolerance&gt;0.001&lt;/ZTolerance&gt;&lt;MTolerance&gt;0.001&lt;/MTolerance&gt;&lt;HighPrecision&gt;true&lt;/HighPrecision&gt;&lt;WKID&gt;31254&lt;/WKID&gt;&lt;LatestWKID&gt;31254&lt;/LatestWKID&gt;&lt;/ProjectedCoordinateSystem&gt;</peXml></coordRef><lineage><Process ToolSource="c:\program files (x86)\arcgis\desktop10.3\ArcToolbox\Toolboxes\Conversion Tools.tbx\FeatureClassToFeatureClass" Date="20161123" Time="160433">FeatureClassToFeatureClass "Database Connections\proro@pvect.sde\PRORO.PRO_RO_HP_WORK\PRORO.SCHUTZZONENIDX_PL" "Database Connections\tiris@PVECT.sde\TIRIS.PLA_WALD" SCHUTZZONENIDX_PL # "OBJEKT "OBJEKT" true true false 6 Text 0 0 ,First,#,Database Connections\proro@pvect.sde\PRORO.PRO_RO_HP_WORK\PRORO.SCHUTZZONENIDX_PL,OBJEKT,-1,-1;LNUMMER "LNUMMER" true true false 4 Long 0 10 ,First,#,Database Connections\proro@pvect.sde\PRORO.PRO_RO_HP_WORK\PRORO.SCHUTZZONENIDX_PL,LNUMMER,-1,-1;NAME "NAME" true true false 60 Text 0 0 ,First,#,Database Connections\proro@pvect.sde\PRORO.PRO_RO_HP_WORK\PRORO.SCHUTZZONENIDX_PL,NAME,-1,-1;STAND "STAND" true true false 36 Date 0 0 ,First,#,Database Connections\proro@pvect.sde\PRORO.PRO_RO_HP_WORK\PRORO.SCHUTZZONENIDX_PL,STAND,-1,-1;EMASST "EMASST" true true false 4 Long 0 10 ,First,#,Database Connections\proro@pvect.sde\PRORO.PRO_RO_HP_WORK\PRORO.SCHUTZZONENIDX_PL,EMASST,-1,-1;LINK "LINK" true true false 255 Text 0 0 ,First,#,Database Connections\proro@pvect.sde\PRORO.PRO_RO_HP_WORK\PRORO.SCHUTZZONENIDX_PL,LINK,-1,-1;CREATEUSER "CREATEUSER" true true false 30 Text 0 0 ,First,#,Database Connections\proro@pvect.sde\PRORO.PRO_RO_HP_WORK\PRORO.SCHUTZZONENIDX_PL,CREATEUSER,-1,-1;CREATETIMESTAMP "CREATETIMESTAMP" true true false 36 Date 0 0 ,First,#,Database Connections\proro@pvect.sde\PRORO.PRO_RO_HP_WORK\PRORO.SCHUTZZONENIDX_PL,CREATETIMESTAMP,-1,-1;UPDATEUSER "UPDATEUSER" true true false 30 Text 0 0 ,First,#,Database Connections\proro@pvect.sde\PRORO.PRO_RO_HP_WORK\PRORO.SCHUTZZONENIDX_PL,UPDATEUSER,-1,-1;UPDATETIMESTAMP "UPDATETIMESTAMP" true true false 36 Date 0 0 ,First,#,Database Connections\proro@pvect.sde\PRORO.PRO_RO_HP_WORK\PRORO.SCHUTZZONENIDX_PL,UPDATETIMESTAMP,-1,-1;SHAPE_AREA "SHAPE_AREA" false false true 0 Double 0 0 ,First,#,Database Connections\proro@pvect.sde\PRORO.PRO_RO_HP_WORK\PRORO.SCHUTZZONENIDX_PL,SHAPE.AREA,-1,-1;SHAPE_LEN "SHAPE_LEN" false false true 0 Double 0 0 ,First,#,Database Connections\proro@pvect.sde\PRORO.PRO_RO_HP_WORK\PRORO.SCHUTZZONENIDX_PL,SHAPE.LEN,-1,-1" #</Process><Process ToolSource="c:\program files (x86)\arcgis\desktop10.3\ArcToolbox\Toolboxes\Data Management Tools.tbx\CalculateField" Date="20161123" Time="174831">CalculateField TIRIS.SCHUTZZONENIDX_PL CREATEUSER "U0194611" VB #</Process><Process ToolSource="c:\program files (x86)\arcgis\desktop10.3\ArcToolbox\Toolboxes\Data Management Tools.tbx\CalculateField" Date="20161123" Time="174839">CalculateField TIRIS.SCHUTZZONENIDX_PL UPDATEUSER "U0194611" VB #</Process><Process ToolSource="c:\program files (x86)\arcgis\desktop10.3\ArcToolbox\Toolboxes\Data Management Tools.tbx\CalculateField" Date="20161123" Time="174850">CalculateField TIRIS.SCHUTZZONENIDX_PL CREATETIMESTAMP "Date (  )" VB #</Process><Process ToolSource="c:\program files (x86)\arcgis\desktop10.3\ArcToolbox\Toolboxes\Data Management Tools.tbx\CalculateField" Date="20161123" Time="174859">CalculateField TIRIS.SCHUTZZONENIDX_PL UPDATETIMESTAMP "Date (  )" VB #</Process><Process ToolSource="c:\program files (x86)\arcgis\desktop10.5\ArcToolbox\Toolboxes\Data Management Tools.tbx\EnableEditorTracking" Date="20180111" Time="205238">EnableEditorTracking \\imscluster.share.tirol.local\IMScluster\DatabaseConnections\SchemaOwner\TIRIS@PVECT.sde\TIRIS.PLA_WALD\TIRIS.SCHUTZZONENIDX_PL CREATEUSER CREATETIMESTAMP UPDATEUSER UPDATETIMESTAMP NO_ADD_FIELDS UTC</Process><Process ToolSource="c:\program files (x86)\arcgis\desktop10.6\ArcToolbox\Toolboxes\Data Management Tools.tbx\DeleteFeatures" Date="20181129" Time="155735">DeleteFeatures "Database Connections\PVECT_M_PASSW.sde\TIRIS.PLA_WALD\TIRIS.SCHUTZZONENIDX_PL"</Process><Process ToolSource="c:\program files (x86)\arcgis\desktop10.6\ArcToolbox\Toolboxes\Data Management Tools.tbx\DeleteFeatures" Date="20181129" Time="155827">DeleteFeatures "Database Connections\PVECT_M_PASSW.sde\TIRIS.PLA_WALD\TIRIS.SCHUTZZONENIDX_PL"</Process><Process ToolSource="c:\program files (x86)\arcgis\desktop10.6\ArcToolbox\Toolboxes\Conversion Tools.tbx\FeatureClassToFeatureClass" Date="20190122" Time="165746">FeatureClassToFeatureClass "Database Connections\PVECT_M_PASSW.sde\TIRIS.PLA_WALD\TIRIS.SCHUTZZONENIDX_PL" T:\pro\wald\pf\2016\pf04_INSPIRE_OGD_Downloads\OGD\NEUE_FILES WALD_WILDSCHUTZZIDX_PL_MGIAustriaGKWest_N.shp # "OBJEKT "OBJEKT" true true false 6 Text 0 0 ,First,#,Database Connections\PVECT_M_PASSW.sde\TIRIS.PLA_WALD\TIRIS.SCHUTZZONENIDX_PL,OBJEKT,-1,-1;LNUMMER "LNUMMER" true true false 4 Long 0 10 ,First,#,Database Connections\PVECT_M_PASSW.sde\TIRIS.PLA_WALD\TIRIS.SCHUTZZONENIDX_PL,LNUMMER,-1,-1;NAME "NAME" true true false 60 Text 0 0 ,First,#,Database Connections\PVECT_M_PASSW.sde\TIRIS.PLA_WALD\TIRIS.SCHUTZZONENIDX_PL,NAME,-1,-1;STAND "STAND" true true false 8 Date 0 0 ,First,#,Database Connections\PVECT_M_PASSW.sde\TIRIS.PLA_WALD\TIRIS.SCHUTZZONENIDX_PL,STAND,-1,-1;EMASST "EMASST" true true false 4 Long 0 10 ,First,#,Database Connections\PVECT_M_PASSW.sde\TIRIS.PLA_WALD\TIRIS.SCHUTZZONENIDX_PL,EMASST,-1,-1;LINK "LINK" true true false 255 Text 0 0 ,First,#,Database Connections\PVECT_M_PASSW.sde\TIRIS.PLA_WALD\TIRIS.SCHUTZZONENIDX_PL,LINK,-1,-1;CREATEUSER "CREATEUSER" false true false 30 Text 0 0 ,First,#,Database Connections\PVECT_M_PASSW.sde\TIRIS.PLA_WALD\TIRIS.SCHUTZZONENIDX_PL,CREATEUSER,-1,-1;CREATETIME "CREATETIMESTAMP" false true false 8 Date 0 0 ,First,#,Database Connections\PVECT_M_PASSW.sde\TIRIS.PLA_WALD\TIRIS.SCHUTZZONENIDX_PL,CREATETIMESTAMP,-1,-1;UPDATEUSER "UPDATEUSER" false true false 30 Text 0 0 ,First,#,Database Connections\PVECT_M_PASSW.sde\TIRIS.PLA_WALD\TIRIS.SCHUTZZONENIDX_PL,UPDATEUSER,-1,-1;UPDATETIME "UPDATETIMESTAMP" false true false 8 Date 0 0 ,First,#,Database Connections\PVECT_M_PASSW.sde\TIRIS.PLA_WALD\TIRIS.SCHUTZZONENIDX_PL,UPDATETIMESTAMP,-1,-1;SHAPE_AREA "SHAPE_AREA" false false true 0 Double 0 0 ,First,#,Database Connections\PVECT_M_PASSW.sde\TIRIS.PLA_WALD\TIRIS.SCHUTZZONENIDX_PL,SHAPE.AREA,-1,-1;SHAPE_LEN "SHAPE_LEN" false false true 0 Double 0 0 ,First,#,Database Connections\PVECT_M_PASSW.sde\TIRIS.PLA_WALD\TIRIS.SCHUTZZONENIDX_PL,SHAPE.LEN,-1,-1" #</Process></lineage></DataProperties><SyncDate>20190122</SyncDate><SyncTime>16574600</SyncTime><ModDate>20190122</ModDate><ModTime>16574600</ModTime></Esri><dataIdInfo><envirDesc Sync="TRUE"> Version 6.2 (Build 9200) ; Esri ArcGIS 10.6.1.9273</envirDesc><dataLang><languageCode value="deu" Sync="TRUE"></languageCode><countryCode value="AUT" Sync="TRUE"></countryCode></dataLang><idCitation><resTitle Sync="TRUE">WALD_WILDSCHUTZZIDX_PL_MGIAustriaGKWest_N</resTitle><presForm><PresFormCd value="005" Sync="TRUE"></PresFormCd></presForm></idCitation><spatRpType><SpatRepTypCd value="001" Sync="TRUE"></SpatRepTypCd></spatRpType></dataIdInfo><mdLang><languageCode value="deu" Sync="TRUE"></languageCode><countryCode value="AUT" Sync="TRUE"></countryCode></mdLang><distInfo><distFormat><formatName Sync="TRUE">Shapefile</formatName></distFormat><distTranOps><transSize Sync="TRUE">0.000</transSize></distTranOps></distInfo><mdHrLv><ScopeCd value="005" Sync="TRUE"></ScopeCd></mdHrLv><mdHrLvName Sync="TRUE">dataset</mdHrLvName><refSysInfo><RefSystem><refSysID><identCode code="31254" Sync="TRUE"></identCode><idCodeSpace Sync="TRUE">EPSG</idCodeSpace><idVersion Sync="TRUE">7.6.6(9.3.0.0)</idVersion></refSysID></RefSystem></refSysInfo><spatRepInfo><VectSpatRep><geometObjs Name="WALD_WILDSCHUTZZIDX_PL_MGIAustriaGKWest_N"><geoObjTyp><GeoObjTypCd value="002" Sync="TRUE"></GeoObjTypCd></geoObjTyp><geoObjCnt Sync="TRUE">0</geoObjCnt></geometObjs><topLvl><TopoLevCd value="001" Sync="TRUE"></TopoLevCd></topLvl></VectSpatRep></spatRepInfo><spdoinfo><ptvctinf><esriterm Name="WALD_WILDSCHUTZZIDX_PL_MGIAustriaGKWest_N"><efeatyp Sync="TRUE">Simple</efeatyp><efeageom code="4" Sync="TRUE"></efeageom><esritopo Sync="TRUE">FALSE</esritopo><efeacnt Sync="TRUE">0</efeacnt><spindex Sync="TRUE">FALSE</spindex><linrefer Sync="TRUE">FALSE</linrefer></esriterm></ptvctinf></spdoinfo><eainfo><detailed Name="WALD_WILDSCHUTZZIDX_PL_MGIAustriaGKWest_N"><enttyp><enttypl Sync="TRUE">WALD_WILDSCHUTZZIDX_PL_MGIAustriaGKWest_N</enttypl><enttypt Sync="TRUE">Feature Class</enttypt><enttypc Sync="TRUE">0</enttypc></enttyp><attr><attrlabl Sync="TRUE">FID</attrlabl><attalias Sync="TRUE">FID</attalias><attrtype Sync="TRUE">OID</attrtype><attwidth Sync="TRUE">4</attwidth><atprecis Sync="TRUE">0</atprecis><attscale Sync="TRUE">0</attscale><attrdef Sync="TRUE">Internal feature number.</attrdef><attrdefs Sync="TRUE">Esri</attrdefs><attrdomv><udom Sync="TRUE">Sequential unique whole numbers that are automatically generated.</udom></attrdomv></attr><attr><attrlabl Sync="TRUE">OBJEKT</attrlabl><attalias Sync="TRUE">OBJEKT</attalias><attrtype Sync="TRUE">String</attrtype><attwidth Sync="TRUE">6</attwidth><atprecis Sync="TRUE">0</atprecis><attscale Sync="TRUE">0</attscale></attr><attr><attrlabl Sync="TRUE">LNUMMER</attrlabl><attalias Sync="TRUE">LNUMMER</attalias><attrtype Sync="TRUE">Integer</attrtype><attwidth Sync="TRUE">10</attwidth><atprecis Sync="TRUE">10</atprecis><attscale Sync="TRUE">0</attscale></attr><attr><attrlabl Sync="TRUE">NAME</attrlabl><attalias Sync="TRUE">NAME</attalias><attrtype Sync="TRUE">String</attrtype><attwidth Sync="TRUE">60</attwidth><atprecis Sync="TRUE">0</atprecis><attscale Sync="TRUE">0</attscale></attr><attr><attrlabl Sync="TRUE">STAND</attrlabl><attalias Sync="TRUE">STAND</attalias><attrtype Sync="TRUE">Date</attrtype><attwidth Sync="TRUE">8</attwidth><atprecis Sync="TRUE">0</atprecis><attscale Sync="TRUE">0</attscale></attr><attr><attrlabl Sync="TRUE">EMASST</attrlabl><attalias Sync="TRUE">EMASST</attalias><attrtype Sync="TRUE">Integer</attrtype><attwidth Sync="TRUE">10</attwidth><atprecis Sync="TRUE">10</atprecis><attscale Sync="TRUE">0</attscale></attr><attr><attrlabl Sync="TRUE">LINK</attrlabl><attalias Sync="TRUE">LINK</attalias><attrtype Sync="TRUE">String</attrtype><attwidth Sync="TRUE">254</attwidth><atprecis Sync="TRUE">0</atprecis><attscale Sync="TRUE">0</attscale></attr><attr><attrlabl Sync="TRUE">CREATEUSER</attrlabl><attalias Sync="TRUE">CREATEUSER</attalias><attrtype Sync="TRUE">String</attrtype><attwidth Sync="TRUE">30</attwidth><atprecis Sync="TRUE">0</atprecis><attscale Sync="TRUE">0</attscale></attr><attr><attrlabl Sync="TRUE">UPDATEUSER</attrlabl><attalias Sync="TRUE">UPDATEUSER</attalias><attrtype Sync="TRUE">String</attrtype><attwidth Sync="TRUE">30</attwidth><atprecis Sync="TRUE">0</atprecis><attscale Sync="TRUE">0</attscale></attr><attr><attrlabl Sync="TRUE">CREATETIME</attrlabl><attalias Sync="TRUE">CREATETIME</attalias><attrtype Sync="TRUE">Date</attrtype><attwidth Sync="TRUE">8</attwidth><atprecis Sync="TRUE">0</atprecis><attscale Sync="TRUE">0</attscale></attr><attr><attrlabl Sync="TRUE">SHAPE</attrlabl><attalias Sync="TRUE">Shape</attalias><attrtype Sync="TRUE">Geometry</attrtype><attwidth Sync="TRUE">0</attwidth><atprecis Sync="TRUE">0</atprecis><attscale Sync="TRUE">0</attscale><attrdef Sync="TRUE">Feature geometry.</attrdef><attrdefs Sync="TRUE">Esri</attrdefs><attrdomv><udom Sync="TRUE">Coordinates defining the features.</udom></attrdomv></attr><attr><attrlabl Sync="TRUE">UPDATETIME</attrlabl><attalias Sync="TRUE">UPDATETIME</attalias><attrtype Sync="TRUE">Date</attrtype><attwidth Sync="TRUE">8</attwidth><atprecis Sync="TRUE">0</atprecis><attscale Sync="TRUE">0</attscale></attr><attr><attrlabl Sync="TRUE">SHAPE_AREA</attrlabl><attalias Sync="TRUE">SHAPE_AREA</attalias><attrtype Sync="TRUE">Double</attrtype><attwidth Sync="TRUE">19</attwidth><atprecis Sync="TRUE">0</atprecis><attscale Sync="TRUE">0</attscale><attrdef Sync="TRUE">Area of feature in internal units squared.</attrdef><attrdefs Sync="TRUE">Esri</attrdefs><attrdomv><udom Sync="TRUE">Positive real numbers that are automatically generated.</udom></attrdomv></attr><attr><attrlabl Sync="TRUE">SHAPE_LEN</attrlabl><attalias Sync="TRUE">SHAPE_LEN</attalias><attrtype Sync="TRUE">Double</attrtype><attwidth Sync="TRUE">19</attwidth><atprecis Sync="TRUE">0</atprecis><attscale Sync="TRUE">0</attscale></attr></detailed></eainfo><mdDateSt Sync="TRUE">20190122</mdDateSt></metadata>
